{
    "$schema": "https://schema.management.azure.com/schemas/2015-01-01/deploymentParameters.json#",
    "contentVersion": "1.0.0.0",
    "parameters": {
        "factoryName": {
            "value": "ssasADF"
        },
        "Stock1_connectionString": {
            "value": ""
        },
        "Stock2_connectionString": {
            "value": ""
        },
        "Output_connectionString": {
            "value": ""
        },
        "Stock1_properties_typeProperties_fileName": {
            "value": "stock1.csv"
        },
        "Stock1_properties_typeProperties_folderPath": {
            "value": "sample"
        },
        "Stock2_properties_typeProperties_fileName": {
            "value": "stock2.csv"
        },
        "Stock2_properties_typeProperties_folderPath": {
            "value": "sample"
        },
        "containerUri": {
            "value": ""
        },
        "containerSasToken": {
            "value": ""
        }
    }
}