{
    "$schema": "http://schema.management.azure.com/schemas/2015-01-01/deploymentTemplate.json#",
    "contentVersion": "1.0.0.0",
    "parameters": {
        "factoryName": {
            "type": "string",
            "metadata": "Data Factory Name",
            "defaultValue": "ssasADF"
        },
        "Stock1_connectionString": {
            "type": "secureString",
            "metadata": "Secure string for 'connectionString' of 'Stock1'"
        },
        "Stock2_connectionString": {
            "type": "secureString",
            "metadata": "Secure string for 'connectionString' of 'Stock2'"
        },
        "Output_connectionString": {
            "type": "secureString",
            "metadata": "Secure string for 'connectionString' of 'Output'"
        },
        "Stock1_properties_typeProperties_fileName": {
            "type": "string",
            "defaultValue": "stock1.csv"
        },
        "Stock1_properties_typeProperties_folderPath": {
            "type": "string",
            "defaultValue": "sample"
        },
        "Stock2_properties_typeProperties_fileName": {
            "type": "string",
            "defaultValue": "stock2.csv"
        },
        "Stock2_properties_typeProperties_folderPath": {
            "type": "string",
            "defaultValue": "sample"
        },
        "containerUri": {
            "type": "string",
            "metadata": "URI to storage account containing linked ARM templates"
        },
        "containerSasToken": {
            "type": "string",
            "metadata": "Sas Token to storage account containing linked ARM templates"
        }
    },
    "variables": {
        "factoryId": "[concat('Microsoft.DataFactory/factories/', parameters('factoryName'))]"
    },
    "resources": [
        {
            "name": "ArmTemplate_0",
            "type": "Microsoft.Resources/deployments",
            "apiVersion": "2018-02-01",
            "properties": {
                "mode": "incremental",
                "templateLink": {
                    "uri": "[concat(parameters('containerUri'), '/ArmTemplate_0.json', parameters('containerSasToken'))]",
                    "contentVersion": "1.0.0.0"
                },
                "parameters": {
                    "factoryName": {
                        "value": "[parameters('factoryName')]"
                    },
                    "Stock1_connectionString": {
                        "value": "[parameters('Stock1_connectionString')]"
                    },
                    "Stock2_connectionString": {
                        "value": "[parameters('Stock2_connectionString')]"
                    },
                    "Output_connectionString": {
                        "value": "[parameters('Output_connectionString')]"
                    },
                    "Stock1_properties_typeProperties_fileName": {
                        "value": "[parameters('Stock1_properties_typeProperties_fileName')]"
                    },
                    "Stock1_properties_typeProperties_folderPath": {
                        "value": "[parameters('Stock1_properties_typeProperties_folderPath')]"
                    },
                    "Stock2_properties_typeProperties_fileName": {
                        "value": "[parameters('Stock2_properties_typeProperties_fileName')]"
                    },
                    "Stock2_properties_typeProperties_folderPath": {
                        "value": "[parameters('Stock2_properties_typeProperties_folderPath')]"
                    }
                }
            },
            "dependsOn": []
        }
    ]
}