{
    "$schema": "http://schema.management.azure.com/schemas/2015-01-01/deploymentTemplate.json#",
    "contentVersion": "1.0.0.0",
    "parameters": {
        "factoryName": {
            "type": "string",
            "metadata": "Data Factory Name",
            "defaultValue": "ssasADF"
        },
        "Stock1_connectionString": {
            "type": "secureString",
            "metadata": "Secure string for 'connectionString' of 'Stock1'"
        },
        "Stock2_connectionString": {
            "type": "secureString",
            "metadata": "Secure string for 'connectionString' of 'Stock2'"
        },
        "Output_connectionString": {
            "type": "secureString",
            "metadata": "Secure string for 'connectionString' of 'Output'"
        },
        "Stock1_properties_typeProperties_fileName": {
            "type": "string",
            "defaultValue": "stock1.csv"
        },
        "Stock1_properties_typeProperties_folderPath": {
            "type": "string",
            "defaultValue": "sample"
        },
        "Stock2_properties_typeProperties_fileName": {
            "type": "string",
            "defaultValue": "stock2.csv"
        },
        "Stock2_properties_typeProperties_folderPath": {
            "type": "string",
            "defaultValue": "sample"
        }
    },
    "variables": {
        "factoryId": "[concat('Microsoft.DataFactory/factories/', parameters('factoryName'))]"
    },
    "resources": [
        {
            "name": "[concat(parameters('factoryName'), '/pipeline1')]",
            "type": "Microsoft.DataFactory/factories/pipelines",
            "apiVersion": "2018-06-01",
            "properties": {
                "activities": [
                    {
                        "name": "Stock1",
                        "type": "Copy",
                        "dependsOn": [],
                        "policy": {
                            "timeout": "7.00:00:00",
                            "retry": 0,
                            "retryIntervalInSeconds": 30,
                            "secureOutput": false,
                            "secureInput": false
                        },
                        "userProperties": [],
                        "typeProperties": {
                            "source": {
                                "type": "BlobSource",
                                "recursive": true
                            },
                            "sink": {
                                "type": "SqlSink",
                                "writeBatchSize": 10000
                            },
                            "enableStaging": false,
                            "translator": {
                                "type": "TabularTranslator",
                                "columnMappings": {
                                    "DATE": "DATEOFEXCHANGE",
                                    "Stock Name": "STOCKNAME",
                                    "Price": "PRICE"
                                }
                            }
                        },
                        "inputs": [
                            {
                                "referenceName": "Stock1",
                                "type": "DatasetReference",
                                "parameters": {}
                            }
                        ],
                        "outputs": [
                            {
                                "referenceName": "AzureSqlTable1",
                                "type": "DatasetReference",
                                "parameters": {}
                            }
                        ]
                    },
                    {
                        "name": "Stock2",
                        "type": "Copy",
                        "dependsOn": [
                            {
                                "activity": "Stock1",
                                "dependencyConditions": [
                                    "Succeeded"
                                ]
                            }
                        ],
                        "policy": {
                            "timeout": "7.00:00:00",
                            "retry": 0,
                            "retryIntervalInSeconds": 30,
                            "secureOutput": false,
                            "secureInput": false
                        },
                        "userProperties": [],
                        "typeProperties": {
                            "source": {
                                "type": "BlobSource",
                                "recursive": true
                            },
                            "sink": {
                                "type": "SqlSink",
                                "writeBatchSize": 10000
                            },
                            "enableStaging": false,
                            "translator": {
                                "type": "TabularTranslator",
                                "columnMappings": {
                                    "DATE": "DATEOFEXCHANGE",
                                    "Stock Name": "STOCKNAME",
                                    "Price": "PRICE"
                                }
                            }
                        },
                        "inputs": [
                            {
                                "referenceName": "Stock2",
                                "type": "DatasetReference",
                                "parameters": {}
                            }
                        ],
                        "outputs": [
                            {
                                "referenceName": "AzureSqlTable1",
                                "type": "DatasetReference",
                                "parameters": {}
                            }
                        ]
                    }
                ],
                "annotations": []
            },
            "dependsOn": [
                "[concat(variables('factoryId'), '/datasets/Stock1')]",
                "[concat(variables('factoryId'), '/datasets/AzureSqlTable1')]",
                "[concat(variables('factoryId'), '/datasets/Stock2')]"
            ]
        },
        {
            "name": "[concat(parameters('factoryName'), '/Stock1')]",
            "type": "Microsoft.DataFactory/factories/linkedServices",
            "apiVersion": "2018-06-01",
            "properties": {
                "annotations": [],
                "type": "AzureBlobStorage",
                "typeProperties": {
                    "connectionString": "[parameters('Stock1_connectionString')]"
                }
            },
            "dependsOn": []
        },
        {
            "name": "[concat(parameters('factoryName'), '/Stock2')]",
            "type": "Microsoft.DataFactory/factories/linkedServices",
            "apiVersion": "2018-06-01",
            "properties": {
                "annotations": [],
                "type": "AzureBlobStorage",
                "typeProperties": {
                    "connectionString": "[parameters('Stock2_connectionString')]"
                }
            },
            "dependsOn": []
        },
        {
            "name": "[concat(parameters('factoryName'), '/Output')]",
            "type": "Microsoft.DataFactory/factories/linkedServices",
            "apiVersion": "2018-06-01",
            "properties": {
                "annotations": [],
                "type": "AzureSqlDatabase",
                "typeProperties": {
                    "connectionString": "[parameters('Output_connectionString')]"
                }
            },
            "dependsOn": []
        },
        {
            "name": "[concat(parameters('factoryName'), '/Stock1')]",
            "type": "Microsoft.DataFactory/factories/datasets",
            "apiVersion": "2018-06-01",
            "properties": {
                "linkedServiceName": {
                    "referenceName": "Stock1",
                    "type": "LinkedServiceReference"
                },
                "annotations": [],
                "type": "AzureBlob",
                "structure": [
                    {
                        "name": "DATE",
                        "type": "String"
                    },
                    {
                        "name": "Stock Name",
                        "type": "String"
                    },
                    {
                        "name": "Price",
                        "type": "String"
                    }
                ],
                "typeProperties": {
                    "format": {
                        "type": "TextFormat",
                        "columnDelimiter": ",",
                        "rowDelimiter": "",
                        "nullValue": "\\N",
                        "treatEmptyAsNull": true,
                        "skipLineCount": 0,
                        "firstRowAsHeader": true
                    },
                    "fileName": "[parameters('Stock1_properties_typeProperties_fileName')]",
                    "folderPath": "[parameters('Stock1_properties_typeProperties_folderPath')]"
                }
            },
            "dependsOn": [
                "[concat(variables('factoryId'), '/linkedServices/Stock1')]"
            ]
        },
        {
            "name": "[concat(parameters('factoryName'), '/AzureSqlTable1')]",
            "type": "Microsoft.DataFactory/factories/datasets",
            "apiVersion": "2018-06-01",
            "properties": {
                "linkedServiceName": {
                    "referenceName": "Output",
                    "type": "LinkedServiceReference"
                },
                "annotations": [],
                "type": "AzureSqlTable",
                "structure": [
                    {
                        "name": "DATEOFEXCHANGE",
                        "type": "String"
                    },
                    {
                        "name": "STOCKNAME",
                        "type": "String"
                    },
                    {
                        "name": "PRICE",
                        "type": "String"
                    }
                ],
                "typeProperties": {
                    "tableName": "[concat('[', 'dbo].[STOCKEXCHANGE]')]"
                }
            },
            "dependsOn": [
                "[concat(variables('factoryId'), '/linkedServices/Output')]"
            ]
        },
        {
            "name": "[concat(parameters('factoryName'), '/Stock2')]",
            "type": "Microsoft.DataFactory/factories/datasets",
            "apiVersion": "2018-06-01",
            "properties": {
                "linkedServiceName": {
                    "referenceName": "Stock2",
                    "type": "LinkedServiceReference"
                },
                "annotations": [],
                "type": "AzureBlob",
                "structure": [
                    {
                        "name": "DATE",
                        "type": "String"
                    },
                    {
                        "name": "Stock Name",
                        "type": "String"
                    },
                    {
                        "name": "Price",
                        "type": "String"
                    }
                ],
                "typeProperties": {
                    "format": {
                        "type": "TextFormat",
                        "columnDelimiter": ",",
                        "rowDelimiter": "",
                        "nullValue": "\\N",
                        "treatEmptyAsNull": true,
                        "skipLineCount": 0,
                        "firstRowAsHeader": true
                    },
                    "fileName": "[parameters('Stock2_properties_typeProperties_fileName')]",
                    "folderPath": "[parameters('Stock2_properties_typeProperties_folderPath')]"
                }
            },
            "dependsOn": [
                "[concat(variables('factoryId'), '/linkedServices/Stock2')]"
            ]
        }
    ]
}